names,scores,logfoldchanges,pvals,pvals_adj,group
B2M,34.13365,,2.3377132985047574e-255,5.075409342383679e-251,DCnMono
PSAP,32.803062,,5.325119092952156e-236,5.780683031354213e-232,DCnMono
DUSP1,29.417929,inf,3.239288067382536e-190,2.344272774364741e-186,DCnMono
RGS2,29.34609,inf,2.6803448980160215e-189,1.454824202020646e-185,DCnMono
HLA-C,29.006866,,5.3900585978657996e-185,2.3404712443652875e-181,DCnMono
MNDA,27.720585,611.65295,3.9439449322531944e-169,1.2232426917735586e-165,DCnMono
FCER1G,27.66608,,1.7878500628058062e-168,4.852001589197107e-165,DCnMono
FOS,27.439512,,9.268445495834663e-166,2.235858001778515e-162,DCnMono
XIST,27.269348,41.97732,9.799798310877891e-164,2.127634211274699e-160,DCnMono
CTSS,26.72533,inf,2.390350261612822e-157,4.7178995027159975e-154,DCnMono
CD68,26.391954,inf,1.6948648705986383e-153,3.0664342671305865e-150,DCnMono
SERPINA1,26.260069,inf,5.485197429288218e-152,9.160701645175116e-149,DCnMono
NPC2,26.115566,inf,2.4268264762125767e-150,3.763487830360803e-147,DCnMono
S100A9,26.058334,inf,1.0823974185719535e-149,1.5666620236410453e-146,DCnMono
SRGN,24.670605,,2.212230413381969e-134,3.0018584065584955e-131,DCnMono
TMSB4X,24.51759,,9.591563904816222e-133,1.2249555525733236e-129,DCnMono
OAZ1,24.280426,,3.156135595321317e-130,3.806825550556729e-127,DCnMono
FCN1,24.273262,inf,3.756906555753881e-130,4.292957801682763e-127,DCnMono
EVI2B,23.918634,662.47644,1.960064307732652e-126,2.0264264850087432e-123,DCnMono
ARPC1B,23.39709,,4.575065206938157e-121,4.514965486719742e-118,DCnMono
CALM2,22.98551,,6.508337492112371e-117,6.143587621358769e-114,DCnMono
SAT1,22.78886,,5.913571009847623e-115,5.349564174783406e-112,DCnMono
CFP,22.664352,inf,1.007173608341078e-113,8.746698484277258e-111,DCnMono
FTL,22.27148,,6.985472270476032e-110,5.83313801785789e-107,DCnMono
LRRC25,22.16005,465.95255,8.345918486018121e-109,6.711045787034794e-106,DCnMono
AOAH,22.126825,339.38327,1.7443461589483285e-108,1.3525535520331127e-105,DCnMono
FTH1,22.110136,,2.5250449804955244e-108,1.8903879852254597e-105,DCnMono
ARHGDIB,22.036001,,1.3013362182582883e-107,9.417770211535232e-105,DCnMono
SELPLG,22.034134,407.5358,1.356130489695883e-107,9.49772550380236e-105,DCnMono
HLA-G,21.966124,37.408768,6.073559012712181e-107,4.1207199914060675e-104,DCnMono
ARPC2,21.642212,,7.196795144181214e-104,4.734836950767223e-101,DCnMono
SH3BGRL,21.529554,528.0573,8.231991667391134e-103,5.256610914433203e-100,DCnMono
IFITM3,21.470303,inf,2.9508957477658325e-102,1.8304827879926854e-99,DCnMono
SDCBP,21.191036,717.0275,1.1552775951947198e-99,6.967286630353489e-97,DCnMono
LILRB2,21.159159,159.8732,2.272396368254011e-99,1.333405339220617e-96,DCnMono
NADK,21.15138,143.372,2.679802441354122e-99,1.5310839685326145e-96,DCnMono
CASP1,20.903502,774.7073,4.975830172946304e-97,2.770006381662493e-94,DCnMono
C10ORF54,20.793386,256.44785,4.967816224744275e-96,2.696406451385574e-93,DCnMono
PTPRC,20.752691,593.1177,1.1591895061899563e-95,6.138332528997596e-93,DCnMono
UCP2,20.727888,inf,1.9412642540133628e-95,1.0034949575924791e-92,DCnMono
FCGR3A,20.71123,inf,2.743643407717028e-95,1.385284698254521e-92,DCnMono
LGALS3,20.706146,455.07114,3.0489474180977805e-95,1.504447668052748e-92,DCnMono
HCK,20.703728,696.0095,3.2059222553657345e-95,1.546750624138788e-92,DCnMono
FPR1,20.549519,777.9507,7.773127458420329e-94,3.668747179342691e-91,DCnMono
RAP1B,20.519968,533.05383,1.4280556637351258e-93,6.537034787469235e-91,DCnMono
SLC7A7,20.519386,480.8482,1.4452474312492436e-93,6.537034787469235e-91,DCnMono
LYZ,20.420418,,1.1011761987737854e-92,4.879109479913807e-90,DCnMono
C1ORF162,20.333117,554.3939,6.550663251411301e-92,2.8444289970278153e-89,DCnMono
CECR1,20.27163,263.58926,2.2895198211431775e-91,9.746620556243044e-89,DCnMono
OAS1,20.135334,374.31726,3.6187162942066434e-90,1.5108836435292393e-87,DCnMono
TNFSF13B,20.109734,99.66896,6.06486071869049e-90,2.4844186993111177e-87,DCnMono
ASAH1,20.078468,503.03754,1.1384929014518437e-89,4.577373959892774e-87,DCnMono
NAMPT,20.071335,434.36142,1.3142801146130886e-89,5.188061012429957e-87,DCnMono
SLC11A1,20.0183,156.80528,3.815315752563221e-89,1.4791842911410729e-86,DCnMono
HLA-DRB4,19.990677,inf,6.63879833898623e-89,2.528683346275966e-86,DCnMono
CPPED1,19.975948,131.80836,8.917327394543431e-89,3.338001639016076e-86,DCnMono
NFKBIA,19.967651,inf,1.0529107764757785e-88,3.874533197977225e-86,DCnMono
PILRA,19.925026,458.26743,2.469206232592452e-88,8.934822752635787e-86,DCnMono
TSPO,19.870428,inf,7.337523981759962e-88,2.611557101114599e-85,DCnMono
PLEK,19.849329,inf,1.1168136768691583e-87,3.9108293126623056e-85,DCnMono
CD53,19.819107,inf,2.0369455227417105e-87,7.019702260991313e-85,DCnMono
CAPZA2,19.636755,311.49762,7.504157180514229e-86,2.5456680710335068e-83,DCnMono
LAPTM5,19.565254,,3.058703349264479e-85,1.02165397562894e-82,DCnMono
LIPA,19.53047,440.12122,6.048142109726572e-85,1.9895638385496003e-82,DCnMono
TNFAIP2,19.502695,94.482765,1.0414639019572087e-84,3.374809369461636e-82,DCnMono
CFD,19.488977,545.6314,1.3617608099676498e-84,4.347821903707007e-82,DCnMono
TXNIP,19.480373,inf,1.6110334538847683e-84,5.069151785114812e-82,DCnMono
S100A11,19.447762,inf,3.044389148883096e-84,9.442390401628701e-82,DCnMono
PECAM1,19.430582,106.006035,4.2550946181171675e-84,1.3011599894921383e-81,DCnMono
CYBB,19.371206,302.78476,1.3505360448681232e-83,4.0724288986294194e-81,DCnMono
ACTB,19.368605,,1.4205605916365035e-83,4.224902877400018e-81,DCnMono
TMBIM4,19.341076,184.59587,2.4236591354724787e-83,7.110819390573376e-81,DCnMono
FGR,19.270065,inf,9.581600828083889e-83,2.7736818077137243e-80,DCnMono
TBXAS1,19.126083,248.03758,1.531589385539252e-81,4.318485344083468e-79,DCnMono
H3F3B,19.078375,,3.819506607676338e-81,1.0631449738366792e-78,DCnMono
ARPC3,19.015417,,1.2712105391162091e-80,3.4935762043989893e-78,DCnMono
ARPC5,18.999739,inf,1.7139378415711175e-80,4.651413059793816e-78,DCnMono
S100A6,18.996983,inf,1.806327657341135e-80,4.841627131917701e-78,DCnMono
FKBP1A,18.915407,418.7905,8.515891476287697e-80,2.2547380468497827e-77,DCnMono
HLA-F,18.759943,307.8762,1.605708792559839e-78,4.200185975333333e-76,DCnMono
DMXL2,18.73024,72.31337,2.806453253414691e-78,7.253679355343614e-76,DCnMono
GIMAP4,18.698608,224.36961,5.081338700517975e-78,1.2978934650228913e-75,DCnMono
TYROBP,18.674908,,7.922682090544483e-78,2.0001087310210612e-75,DCnMono
KCTD12,18.543634,23.12025,9.180388118463988e-77,2.2909816832180645e-74,DCnMono
GNS,18.502447,117.227684,1.9730499396515517e-76,4.867828095428959e-74,DCnMono
KLF6,18.487045,215.90714,2.6255092583352084e-76,6.404767585136597e-74,DCnMono
LGALS2,18.476023,423.19208,3.220712890296979e-76,7.769433062359746e-74,DCnMono
FGL2,18.42908,244.43958,7.677870267041824e-76,1.8318048501950002e-73,DCnMono
SOD2,18.422894,554.9055,8.607640418857773e-76,2.0313095775415338e-73,DCnMono
CD48,18.39022,531.8097,1.5733821683282795e-75,3.673086049094116e-73,DCnMono
SLC31A2,18.36704,205.7807,2.412117946074094e-75,5.5712226305547495e-73,DCnMono
FTH1P3,18.32907,11.647087,4.851304027839168e-75,1.108701702614907e-72,DCnMono
MPEG1,18.320955,283.6808,5.631574744269312e-75,1.2736158257586566e-72,DCnMono
MARCH1,18.144024,53.65922,1.4315332708412554e-73,3.2041256539417006e-71,DCnMono
LYST,17.98467,105.96997,2.569083434178668e-72,5.6915684121890874e-70,DCnMono
IGSF6,17.93684,336.37692,6.081611044834932e-72,1.3337157312566789e-69,DCnMono
LILRA6,17.929768,240.87935,6.906849315960366e-72,1.499546054988155e-69,DCnMono
KLF10,17.919998,187.34222,8.232991102762888e-72,1.7697670280404465e-69,DCnMono
HK3,17.909098,177.34581,1.0014604095242896e-71,2.1316379363903774e-69,DCnMono
IFI30,17.76683,,1.2770501293370133e-70,2.6918480930131937e-68,DCnMono
AP1S2,17.724787,347.81073,2.6993121867423882e-70,5.635073739073461e-68,DCnMono
GLIPR1,17.569262,227.9548,4.2365120664309243e-69,8.677255988139793e-67,DCnMono
CLEC12A,17.435844,191.64725,4.4099936290666716e-68,8.865312192654306e-66,DCnMono
NFKBIZ,17.327995,108.8916,2.892341467540969e-67,5.761066568970824e-65,DCnMono
BIN2,17.310787,342.68796,3.9005073015867293e-67,7.69853763861359e-65,DCnMono
MS4A7,17.308582,337.2776,4.052753380808772e-67,7.926966545111644e-65,DCnMono
AIF1,17.240295,inf,1.3235732445125015e-66,2.5657230992509747e-64,DCnMono
LRRK2,17.118546,27.179758,1.0793884833587249e-65,2.073858704619582e-63,DCnMono
DAZAP2,17.110493,inf,1.2394807214069227e-65,2.3605584160057632e-63,DCnMono
CD36,17.080973,355.56192,2.0566052505484353e-65,3.882691877796268e-63,DCnMono
HLA-DQB,17.064682,,2.7186368401451618e-65,5.088303830723414e-63,DCnMono
IL10RA,16.999857,155.71536,8.232054051831232e-65,1.5275737223872467e-62,DCnMono
PTP4A2,16.978912,87.73335,1.1764694508891823e-64,2.1464141385088265e-62,DCnMono
RTN3,16.96642,245.06439,1.4554242168892751e-64,2.633226264406921e-62,DCnMono
SKAP2,16.961855,104.855545,1.5729689121791246e-64,2.8223742192000806e-62,DCnMono
GSTK1,16.94091,354.2493,2.246198259772556e-64,3.9973123293378665e-62,DCnMono
S100A8,16.902359,inf,4.322655838969051e-64,7.630014708931468e-62,DCnMono
IRAK3,16.894243,45.772068,4.9603234681410794e-64,8.684966356194434e-62,DCnMono
HMOX1,16.893692,256.0949,5.006890453422441e-64,8.696367890740369e-62,DCnMono
C5AR1,16.887323,39.429493,5.577660164628142e-64,9.610839669384252e-62,DCnMono
BCL2A1,16.86298,353.4131,8.423375432443168e-64,1.4399992442029419e-61,DCnMono
LRP1,16.86004,27.194868,8.852950063827554e-64,1.5016124909043751e-61,DCnMono
CLEC7A,16.75994,211.80125,4.791199076229683e-63,8.063699468528888e-61,DCnMono
OAZ2,16.752008,209.2445,5.474720846324824e-63,9.14320494573525e-61,DCnMono
ZEB2,16.74769,139.54189,5.886824052840804e-63,9.756399771849366e-61,DCnMono
PPT1,16.747047,inf,5.950790977853545e-63,9.787698706074114e-61,DCnMono
AK307192,16.745117,194.88968,6.146877281236986e-63,1.0034199447589188e-60,DCnMono
TLR2,16.588919,81.113884,8.381669665349746e-62,1.3580181351075249e-59,DCnMono
SELL,16.546906,inf,1.6854618368499666e-61,2.710597180729602e-59,DCnMono
PSMB9,16.535912,252.93318,2.0229166888487654e-61,3.229378252323202e-59,DCnMono
SCIMP,16.52054,121.08039,2.610481042330741e-61,4.1369455408790305e-59,DCnMono
CPVL,16.446344,inf,8.90846694594734e-61,1.4015342453874107e-58,DCnMono
SNX2,16.43082,239.594,1.1509230549336366e-60,1.797675571630517e-58,DCnMono
BC018860,16.413488,,1.5314819135585591e-60,2.3750002732335628e-58,DCnMono
ACTR2,16.411253,137.69753,1.588926470644266e-60,2.44660869533033e-58,DCnMono
DDX5,16.3953,,2.0662134643378608e-60,3.159123980580232e-58,DCnMono
NOTCH2NL,16.384062,81.37644,2.4857796102491487e-60,3.774039239029319e-58,DCnMono
LST1,16.382835,inf,2.536354727406538e-60,3.824083158800232e-58,DCnMono
NAAA,16.378794,279.25662,2.7106391833925045e-60,4.0586680903885975e-58,DCnMono
MX2,16.357512,99.16443,3.8451778760781265e-60,5.717990196406316e-58,DCnMono
VCAN,16.34407,271.323,4.794340458592428e-60,7.080947326292531e-58,DCnMono
AF420437,16.330107,75.71935,6.027938186082162e-60,8.842740943110123e-58,DCnMono
FCGR2A,16.306007,266.2402,8.94522826727148e-60,1.294732339404874e-57,DCnMono
ATG3,16.293177,341.27484,1.1034549094197042e-59,1.5865635455901455e-57,DCnMono
ATP6V1G1,16.28742,162.58315,1.2123700519215063e-59,1.7316951445570937e-57,DCnMono
FBXL5,16.268526,158.86597,1.650825314783647e-59,2.3425534908018146e-57,DCnMono
AGTRAP,16.251348,243.05878,2.1850678194481975e-59,3.0805199628597286e-57,DCnMono
APLP2,16.208967,245.60292,4.358258358364468e-59,6.104654659254901e-57,DCnMono
GMFG,16.207346,263.62613,4.474867108663343e-59,6.227810243345502e-57,DCnMono
SGK1,16.180735,174.02568,6.896614336551817e-59,9.537095150374299e-57,DCnMono
CLEC2B,16.1691,48.895794,8.330787214127793e-59,1.1447450709235982e-56,DCnMono
CD300LF,16.160524,178.20694,9.574288818299576e-59,1.3073420410949817e-56,DCnMono
HLA-DRB1,16.08933,,3.0309846847627606e-58,4.112856780680269e-56,DCnMono
ATP6V0E1,16.07509,359.81747,3.8143103325568176e-58,5.111882199391423e-56,DCnMono
NBPF16,16.040672,29.237402,6.643069023548511e-58,8.848323409218511e-56,DCnMono
MYD88,16.000834,302.74933,1.2607390082374263e-57,1.669018573648949e-55,DCnMono
RNF13,15.980502,161.18689,1.7473347594028653e-57,2.2991748461451883e-55,DCnMono
SORL1,15.965926,55.47173,2.2074083371512697e-57,2.887050747463326e-55,DCnMono
NCF2,15.956709,470.57028,2.558722652260152e-57,3.326492664863483e-55,DCnMono
RAB3D,15.923669,23.040134,4.341570950731619e-57,5.610705173293701e-55,DCnMono
LILRB1,15.918187,104.07306,4.739085032477465e-57,6.088181960953742e-55,DCnMono
GCA,15.91537,114.164444,4.9572935257879973e-57,6.3310470434343065e-55,DCnMono
ATP6AP2,15.862242,291.12668,1.1568890913334313e-56,1.4688432199964985e-54,DCnMono
RGS18,15.850514,84.31438,1.3943549007937414e-56,1.7600487936705185e-54,DCnMono
TNFSF10,15.792854,202.26929,3.484508183485982e-56,4.3729570619459046e-54,DCnMono
JUNB,15.772859,66.363785,4.783507594481959e-56,5.934556193359876e-54,DCnMono
DBNL,15.772123,288.243,4.8395015088998475e-56,5.96991007157526e-54,DCnMono
HLA-E,15.651138,,3.263298924832679e-55,4.002795647290525e-53,DCnMono
ARL6IP5,15.601654,277.40372,7.093215993095184e-55,8.65173103517357e-53,DCnMono
MYL12B,15.544974,inf,1.7209251888980344e-54,2.075722598675846e-52,DCnMono
RNF144B,15.540289,59.16085,1.8514689812080903e-54,2.220842157514301e-52,DCnMono
TKT,15.526356,inf,2.300877549553788e-54,2.7447446416682573e-52,DCnMono
C19ORF38,15.468788,177.58502,5.635817310588607e-54,6.686296701103238e-52,DCnMono
DUSP6,15.455712,224.74861,6.904372377735321e-54,8.146784168098454e-52,DCnMono
ITM2B,15.445363,535.66205,8.107039375041437e-54,9.514158479541872e-52,DCnMono
PLBD1,15.438534,384.30368,9.012546906999501e-54,1.0519968059025063e-51,DCnMono
SH3BGRL3,15.43584,,9.396987224660353e-54,1.0910052921636413e-51,DCnMono
PSME2,15.402983,453.31885,1.5629091597095764e-53,1.8049106790667345e-51,DCnMono
M6PR,15.339015,239.07516,4.195149724351734e-53,4.819095008751349e-51,DCnMono
LTA4H,15.246048,411.1558,1.7490372532944664e-52,1.998597252961903e-50,DCnMono
ATP5B,15.23135,inf,2.1902250252069553e-52,2.489632226296765e-50,DCnMono
SH3BP2,15.185969,16.654415,4.3804231590605815e-52,4.953300375331473e-50,DCnMono
VMP1,15.183948,280.42493,4.517533969534213e-52,5.0818746120496e-50,DCnMono
AMICA1,15.149775,438.97412,7.602707023483748e-52,8.508369700353385e-50,DCnMono
MALAT1,15.134556,,9.582579572005997e-52,1.0669096671170368e-49,DCnMono
SMAP2,15.068046,123.85063,2.6277032888685497e-51,2.9107176583992388e-49,DCnMono
RBM3,15.05246,163.37935,3.3263298164836475e-51,3.665885616531801e-49,DCnMono
ID2,15.041406,354.929,3.93114771207739e-51,4.31056302913698e-49,DCnMono
ZFP36,15.014305,78.76399,5.917847598281402e-51,6.4564014676526386e-49,DCnMono
TNFRSF1B,15.011182,136.93475,6.203226487957557e-51,6.733912514002326e-49,DCnMono
NAGK,14.997556,119.257744,7.617338832474996e-51,8.227862855316648e-49,DCnMono
EMR2,14.984174,74.17557,9.317672332087481e-51,1.0014652673363926e-48,DCnMono
TLR4,14.937569,53.638046,1.8770063992651673e-50,2.0074722135195097e-48,DCnMono
CTSC,14.868823,451.86166,5.252848310257981e-50,5.590421061961325e-48,DCnMono
ATP6V0B,14.834527,367.8103,8.761888460972092e-50,9.279480993959274e-48,DCnMono
FAM117B,14.821819,38.838505,1.0587725747756826e-49,1.1158743383958663e-47,DCnMono
COTL1,14.807611,,1.308070339404492e-49,1.3719572530826535e-47,DCnMono
NBPF11,14.795914,189.46736,1.5565594264297447e-49,1.6247337359238553e-47,DCnMono
GABARAP,14.77405,,2.1537216114930127e-49,2.237294253929416e-47,DCnMono
TMEM59,14.761066,229.21613,2.6111812595679864e-49,2.6995883964990737e-47,DCnMono
TVAS5,28.980257,,1.1669632526674989e-184,4.222656529777345e-181,deeper
RPS4Y1,24.094646,522.7381,2.8445116793060657e-128,3.0878596534706995e-125,deeper
MTRNR2L2,19.160072,,7.976159457282872e-82,2.2785578681193216e-79,deeper
EEF2,17.662718,475.9671,8.123214576043004e-70,1.6796486824806633e-67,deeper
SEPT6,17.543203,193.63805,6.704033550123032e-69,1.3602922654833753e-66,deeper
MTRNR2L8,16.980198,,1.1509703447649733e-64,2.117687894507825e-62,deeper
NPIPL3,16.320583,174.2548,7.045959921999877e-60,1.0266767507821432e-57,deeper
ITM2C,16.088533,165.56161,3.070209967276178e-58,4.140206745312615e-56,deeper
RPL37A,15.792456,,3.5065709626570745e-56,4.3753541477153874e-54,deeper
RPL41,15.552476,,1.5307123621694987e-54,1.8566087203945243e-52,deeper
DDX3Y,14.43302,54.380722,3.2072525681602953e-47,3.1507991179786504e-45,deeper
RPS28,14.170626,,1.3925516310145207e-45,1.2920379684169341e-43,deeper
RPLP2,13.794779,,2.7399351593099064e-43,2.3512542388844816e-41,deeper
SNHG5,13.715316,233.76256,8.220753629610324e-43,6.917859769475571e-41,deeper
C17ORF76-AS1,13.682337,inf,1.294644229237195e-42,1.0728252237010969e-40,deeper
RPL32,13.59476,335.7204,4.3017207009714485e-42,3.446297348294875e-40,deeper
MTRNR2L1,13.099275,143.47556,3.3241775175301396e-39,2.3818883855807545e-37,deeper
RPL38,13.082953,inf,4.1210892592645305e-39,2.943189766706981e-37,deeper
GSN,12.862694,inf,7.298757478186985e-38,5.046602662704384e-36,deeper
RPL39,12.749947,,3.119600367556323e-37,2.083989033231241e-35,deeper
RPS25,12.682916,,7.354392309770448e-37,4.853228311167969e-35,deeper
RPS15A,12.667881,,8.908852250880327e-37,5.843507287578936e-35,deeper
PDLIM1,12.610405,222.90433,1.8504042480762115e-36,1.2064302291286075e-34,deeper
RPL35,12.588112,inf,2.454735724652632e-36,1.5956517161057872e-34,deeper
RPS21,12.463575,511.63382,1.1796131186494536e-35,7.4449361683134554e-34,deeper
CIITA,12.432372,189.36206,1.743820303887672e-35,1.0973936990639202e-33,deeper
PABPC1,12.384909,inf,3.1544311179757795e-35,1.9623453868874542e-33,deeper
RPS15,12.225739,,2.2651259767002878e-34,1.3736913430206688e-32,deeper
MTND5,12.096364,inf,1.1039389467816379e-33,6.54852963758911e-32,deeper
DDAH2,12.075786,125.527306,1.4180273182684953e-33,8.365975844273723e-32,deeper
SOX4,12.014972,135.3161,2.9647020474943426e-33,1.7210333196029324e-31,deeper
UTY,11.981472,35.785606,4.443618423998079e-33,2.565835095835699e-31,deeper
LOC23117,11.975991,471.04675,4.747312007163085e-33,2.7339228378651918e-31,deeper
RPL28,11.862263,inf,1.8588192449394948e-32,1.0509589746583692e-30,deeper
EIF5AL1,11.805461,9.113591,3.6578300301516423e-32,2.036285840631341e-30,deeper
RPLP0,11.79018,,4.386004924353744e-32,2.426543123836724e-30,deeper
HNRNPH1,11.753343,364.37418,6.787936362689363e-32,3.702836340963537e-30,deeper
RPS17L,11.6638975,,1.9491077522491548e-31,1.0448661335575654e-29,deeper
RPS24,11.572095,,5.707187089473544e-31,2.9785754543163495e-29,deeper
PRDX2,11.561714,185.77882,6.440993118048065e-31,3.3534868485837297e-29,deeper
RPS23,11.428573,218.40514,3.01016467914966e-30,1.537733772918077e-28,deeper
RPS18,11.333953,,8.909165730230139e-30,4.416139204772296e-28,deeper
RPL26,10.964292,,5.674343566184973e-28,2.610077821301736e-26,deeper
STRF6,10.740571,,6.563689369518089e-27,2.9321864177285436e-25,deeper
KDM5D,10.737571,52.294872,6.78052453478119e-27,3.0166386921031644e-25,deeper
MIF,10.69519,538.9284,1.0719914712694477e-26,4.749797312802241e-25,deeper
CST7,10.693415,208.32726,1.0927253585021824e-26,4.8318045332873495e-25,deeper
RPL17-C18ORF32,10.679267,,1.2727208526060566e-26,5.616268786774409e-25,deeper
HLA-DPB1,10.656178,inf,1.6316419219704706e-26,7.127681643440823e-25,deeper
RPS12,10.638663,,1.969339473204427e-26,8.551265860548263e-25,deeper
ABPARTS,10.5878935,711.0302,3.3913878279365906e-26,1.4522765509335566e-24,deeper
RPS3A,10.560977,,4.519333586191818e-26,1.912655974460245e-24,deeper
RPL37,10.551515,169.78156,4.998454399515509e-26,2.1113121297253156e-24,deeper
USP9Y,10.507022,21.119202,8.018558783280654e-26,3.316017709405834e-24,deeper
RPS29,10.413657,inf,2.1480670443962497e-25,8.733461348480707e-24,deeper
RPS27A,10.409585,,2.241971176105656e-25,9.081238097841398e-24,deeper
RPL10,10.35563,,3.9458017172236432e-25,1.580577510749862e-23,deeper
ADAM19,10.347821,94.78973,4.281159824290235e-25,1.7086077379625976e-23,deeper
LOC100132247,10.218508,64.38396,1.6384407630964359e-24,6.333570311580385e-23,deeper
RPL36A,10.190029,244.18907,2.1969731826126435e-24,8.427294128569454e-23,deeper
CCR7,10.184579,139.74895,2.3236349698829723e-24,8.86615796680654e-23,deeper
RPS20,10.040015,inf,1.016582259560453e-23,3.766385228211091e-22,deeper
YWHAE,9.888807,146.7722,4.65542154576156e-23,1.6789677272430104e-21,deeper
RPS8,9.816877,,9.524818822155542e-23,3.4068095790414985e-21,deeper
RPS6,9.672008,,3.9652149740111076e-22,1.3774205168120826e-20,deeper
RPS5,9.625433,,6.244361575766979e-22,2.145116047017039e-20,deeper
CALR,9.621451,349.46237,6.490846003911801e-22,2.2262678924317397e-20,deeper
RPL35A,9.615971,,6.84606041984925e-22,2.3443977567089446e-20,deeper
RPSA,9.614256,,6.961089605891206e-22,2.376292711218616e-20,deeper
RPL13,9.597108,237.95871,8.221909018269579e-22,2.7935190406205137e-20,deeper
STMN1,9.556504,363.42117,1.2180186873213136e-21,4.09990755355551e-20,deeper
CCNI,9.46467,134.65347,2.944884485095797e-21,9.776205971852423e-20,deeper
POLR2A,9.433191,37.08876,3.9779678560916255e-21,1.3065909247141495e-19,deeper
SIGLEC6,9.385391,103.97229,6.268307066949593e-21,2.0464844320382348e-19,deeper
BCL11A,9.362793,111.714554,7.765619511028992e-21,2.52394259287351e-19,deeper
CD1A,9.27788,390.18967,1.7288416816050826e-20,5.568973553312752e-19,deeper
RPS16,9.2432165,,2.3919627617000706e-20,7.592383555448864e-19,deeper
NREP,9.147004,99.51932,5.853426152960114e-20,1.8206838854859173e-18,deeper
DEF6,9.113443,90.22655,7.980805794586354e-20,2.4542673456977952e-18,deeper
ORC6,9.089711,55.833786,9.930214239671964e-20,3.040830484591227e-18,deeper
EIF1AY,9.023263,53.800293,1.825683147070658e-19,5.520530195828838e-18,deeper
TTTY15,9.012393,24.486916,2.0160916980546913e-19,6.0793565078424174e-18,deeper
LOC100190986,8.97041,111.66412,2.954109453210455e-19,8.79789716579591e-18,deeper
RPS26,8.926347,303.7217,4.403098028551245e-19,1.3023932056931345e-17,deeper
LBH,8.866604,80.05211,7.541037908082143e-19,2.2094935765502214e-17,deeper
ACAP1,8.841893,79.661995,9.411054879252547e-19,2.7462824258528502e-17,deeper
TTN,8.817089,43.156902,1.174734232207923e-18,3.4006206553954956e-17,deeper
SEL1L3,8.796818,45.878464,1.4075022794888055e-18,4.0528225450903786e-17,deeper
RPL19,8.698217,,3.3713870695496908e-18,9.580652443323736e-17,deeper
GAS5,8.682294,489.79208,3.878649081896187e-18,1.0964759142844806e-16,deeper
RPL18A,8.617499,,6.843220171700466e-18,1.912138393150435e-16,deeper
EIF4G2,8.604301,239.17937,7.678293785022503e-18,2.1344870213396103e-16,deeper
RPL3,8.569454,,1.0397655222604536e-17,2.875713280738434e-16,deeper
B3GNT7,8.541895,41.16107,1.3203828924023113e-17,3.628713035056529e-16,deeper
S100B,8.540946,690.155,1.3312762874284193e-17,3.654025218250115e-16,deeper
TRABD,8.492595,82.01605,2.0207409817420597e-17,5.470362525511453e-16,deeper
NYNRIN,8.484786,40.120056,2.1611570323742478e-17,5.828680786320161e-16,deeper
BLNK,8.484143,81.68441,2.1731407823647926e-17,5.853729469717372e-16,deeper
AK128525,8.467853,inf,2.499583708726887e-17,6.691548939601658e-16,deeper
CTSW,8.439987,186.51108,3.1737260591887125e-17,8.454572573134495e-16,deeper
C1ORF56,8.429331,69.44854,3.476472740565721e-17,9.204597520783217e-16,deeper
SLC38A1,8.4225025,79.199936,3.685271481405885e-17,9.745545570377973e-16,deeper
RPL13A,8.389155,,4.896461099674382e-17,1.283901774577663e-15,deeper
SLC7A5,8.28786,31.138428,1.153040699193892e-16,2.966074244099359e-15,deeper
HNRNPA0,8.236263,18.83084,1.7767299299102185e-16,4.495872203762326e-15,deeper
RPL34,8.230475,inf,1.864715068372442e-16,4.707538238306289e-15,deeper
MCM7,8.223035,128.04384,1.984174686509462e-16,4.991705286072646e-15,deeper
PEBP1,8.21489,150.6481,2.1235994736020068e-16,5.3301119273263774e-15,deeper
C20ORF112,8.186013,89.82224,2.700216632600534e-16,6.699931806901736e-15,deeper
PRRC2A,8.179246,28.420929,2.856252683734628e-16,7.070935235639966e-15,deeper
ILF3,8.165589,71.54876,3.198707405536456e-16,7.88276237021589e-15,deeper
CD5,8.163016,58.028366,3.267591664259099e-16,8.04338805246364e-15,deeper
SPOCK2,8.096967,18.033419,5.634661017548767e-16,1.3622953825389896e-14,deeper
FPGS,8.0719795,59.2094,6.916755291013388e-16,1.6648522630065592e-14,deeper
RPS7,8.048707,,8.367319772375926e-16,2.0095451280758158e-14,deeper
USP22,8.046992,30.596575,8.485348737183999e-16,2.0356398500884177e-14,deeper
CCND2,7.9926085,30.887516,1.3211285778526324e-15,3.1109568930323755e-14,deeper
TCF4,7.9715104,12.50064,1.567463906519957e-15,3.675076552316932e-14,deeper
TUBB,7.9449005,inf,1.943464616741481e-15,4.5176188751685533e-14,deeper
IRF2BP2,7.9191785,40.610786,2.3908451666335703e-15,5.522089299232068e-14,deeper
BAIAP2,7.9114623,59.8099,2.5438334957510846e-15,5.86919968398e-14,deeper
BC014119,7.760774,168.00476,8.4412416084634e-15,1.8932623611709595e-13,deeper
OPHN1,7.743412,33.218517,9.678379150800223e-15,2.162324332888884e-13,deeper
LOC641298,7.72804,50.275883,1.0921498434104742e-14,2.4269872313495196e-13,deeper
RUNX2,7.688355,71.34816,1.4903909242142604e-14,3.288402170286159e-13,deeper
C12ORF75,7.682445,51.940086,1.5608077957505664e-14,3.44027391406503e-13,deeper
SPDYE7P,7.634798,25.867117,2.261748415219294e-14,4.925257757555275e-13,deeper
MAT2A,7.540515,197.15245,4.6812003421507835e-14,1.005277355375229e-12,deeper
EEF1G,7.4933887,,6.711789283006216e-14,1.4286240894445879e-12,deeper
RPL36,7.4688606,inf,8.089211624129384e-14,1.7034420327009996e-12,deeper
FILIP1L,7.460746,54.031532,8.603394215280498e-14,1.8064631702896991e-12,deeper
TMSB10,7.4605927,,8.613398230600152e-14,1.8068163186913999e-12,deeper
RPL24,7.4403214,inf,1.0044049678489024e-13,2.0907609067082954e-12,deeper
GNAS,7.407434,162.94653,1.287663264699503e-13,2.652415288414697e-12,deeper
PTPRS,7.3875,33.516975,1.496154783175183e-13,3.0644355186336222e-12,deeper
SNHG1,7.3864584,119.89871,1.5079110993249905e-13,3.0848280188218833e-12,deeper
RPS27,7.3839784,,1.5362857310473116e-13,3.137751599884119e-12,deeper
TSEN54,7.3449664,60.23351,2.05810492655955e-13,4.160476355729459e-12,deeper
CREM,7.34463,145.71045,2.0632943541689973e-13,4.167086857987265e-12,deeper
ITGB7,7.339914,97.49763,2.1373103488047797e-13,4.304558903794116e-12,deeper
IL7R,7.334586,68.518074,2.224080004751584e-13,4.471018609552004e-12,deeper
KCNK17,7.318479,65.104294,2.5079706657982394e-13,5.013862902867917e-12,deeper
TRIB2,7.315754,60.791443,2.5594054186890534e-13,5.107284103415261e-12,deeper
AQP3,7.287919,76.34272,3.147791958182731e-13,6.224199563215417e-12,deeper
LOC100505678,7.2870617,18.213776,3.167881651951608e-13,6.258223707508768e-12,deeper
CD1E,7.261278,228.86069,3.8344889889876574e-13,7.513591194937818e-12,deeper
IGLL1,7.2279315,494.0271,4.904052955215607e-13,9.557620620348835e-12,deeper
PKIB,7.222726,74.73141,5.095560204684249e-13,9.913056236908579e-12,deeper
CBX5,7.2066193,34.301983,5.735811317972686e-13,1.11088491993314e-11,deeper
TXLNG2P,7.1917987,35.95034,6.394337443466228e-13,1.2373213924696547e-11,deeper
LOC440354,7.160105,87.96316,8.061509773609166e-13,1.554382226419437e-11,deeper
NUMA1,7.1106825,48.179058,1.1547056729065171e-12,2.1971792168688338e-11,deeper
EZR,7.099414,315.1833,1.2528720238883404e-12,2.377718925755224e-11,deeper
HMGA1,7.0821433,65.66169,1.4194176816235087e-12,2.6797371552806954e-11,deeper
MRC1,7.0773053,68.630424,1.4698467849793426e-12,2.7653243976331462e-11,deeper
ACTN4,7.0151744,48.120327,2.2966240473953442e-12,4.232767800764034e-11,deeper
UBA52,7.009693,60.244034,2.388414259589475e-12,4.390758847582311e-11,deeper
RPS11,7.0038443,,2.4903263531307416e-12,4.5626561563562475e-11,deeper
ACY3,6.9870334,616.492,2.807596421971271e-12,5.1180290442836496e-11,deeper
FMNL3,6.984063,18.71207,2.8676333583515223e-12,5.218708117616924e-11,deeper
PTPN7,6.9797454,70.86921,2.9571546699553846e-12,5.368125839414829e-11,deeper
LDHB,6.9364467,259.83566,4.020846469971879e-12,7.220562258855207e-11,deeper
RUNDC2C,6.9268622,56.652172,4.302770874584492e-12,7.707711093902963e-11,deeper
MOB3B,6.922973,29.829487,4.422609516487782e-12,7.90933074237778e-11,deeper
MCM2,6.9114904,45.779095,4.795881772340092e-12,8.555742741107292e-11,deeper
ATP2B4,6.8894734,32.76832,5.599922544334164e-12,9.965567078691725e-11,deeper
ZNF460,6.8664465,49.552998,6.582093780691901e-12,1.1637120364218393e-10,deeper
RPLP1,6.861241,,6.826504423675094e-12,1.205941721256387e-10,deeper
SATB1,6.8590665,87.5422,6.931194899316784e-12,1.221454321908009e-10,deeper
SLC35E2,6.8334975,68.95683,8.286883003498956e-12,1.4509396523303696e-10,deeper
APEX1,6.797364,164.96584,1.065503071635272e-11,1.847694663600111e-10,deeper
RPL10A,6.797211,,1.066635613244163e-11,1.8481824261088606e-10,deeper
PDXDC2P,6.791761,51.349655,1.10773145401559e-11,1.916331282719719e-10,deeper
SLC17A9,6.7646303,35.429764,1.3365011425774482e-11,2.2920044475907565e-10,deeper
PCDHGC5,6.757312,41.08763,1.4057555673583395e-11,2.401287106445075e-10,deeper
AFF3,6.7513404,52.918537,1.464853328721251e-11,2.500269702819739e-10,deeper
ESYT1,6.727364,93.784386,1.7276418994634307e-11,2.9189753524708596e-10,deeper
IL2RG,6.7163095,184.41515,1.8638447805994014e-11,3.139327698339302e-10,deeper
MEF2D,6.704643,12.266959,2.018994537392073e-11,3.384895011684888e-10,deeper
FCGBP,6.6972632,59.940136,2.1235898246057704e-11,3.5492885821413306e-10,deeper
EDEM1,6.6666417,33.76284,2.6172282285915432e-11,4.3475625149924253e-10,deeper
RPS3,6.6500144,,2.930643733278068e-11,4.849634610762206e-10,deeper
RPL11,6.6469216,,2.99286284126368e-11,4.941296208872681e-10,deeper
GNA15,6.637031,88.83011,3.200645263327578e-11,5.280335054111325e-10,deeper
PARM1,6.59854,43.106476,4.15226885976394e-11,6.803766733157351e-10,deeper
SNRPA,6.5944977,39.58892,4.2669766939729146e-11,6.975928539370929e-10,deeper
KDM5B,6.585832,23.299316,4.5234515912492354e-11,7.36749118511719e-10,deeper
INF2,6.581729,24.926899,4.650095027243316e-11,7.562412969024692e-10,deeper
RPS14,6.5347557,,6.371353416147348e-11,1.0193695948266402e-09,deeper
CD1C,6.5329795,175.00406,6.447398328398167e-11,1.03001813913063e-09,deeper
HMHA1,6.5226293,128.93034,6.908539360915069e-11,1.1020668483822708e-09,deeper
AKNA,6.522415,49.826664,6.918422692595756e-11,1.102833150359372e-09,deeper
RPS2,6.514668,inf,7.285066009755439e-11,1.1595752796026418e-09,deeper
RPL27A,6.504226,49.468227,7.809441762206477e-11,1.2412210109755846e-09,deeper
UHRF1,6.4864964,63.26123,8.785548334655689e-11,1.3912694375908802e-09,deeper
TCRBV3S1,6.4695625,140.68332,9.828700900921264e-11,1.5508061428771915e-09,deeper
IGJ,6.452935,,1.0970428559752965e-10,1.7197037867205534e-09,deeper
LMNA,6.412423,304.2036,1.4322467520748772e-10,2.214779859992711e-09,deeper
CREBZF,6.405901,16.372055,1.4948418931932492e-10,2.3082867953853934e-09,deeper
LTB,6.405503,237.91405,1.498747625018169e-10,2.312673040992855e-09,deeper
